model,avg_answer_time,answer_quality
TinyLlama1_1B_Q8,0.8587617533547538,1.0
Llama3_1B_Q8,0.2690153121948242,1.0
Llama3_3B_Q6,1.4882537296840124,4.0
Llama3_8B_Q6,2.2731514998844693,5.0
Qwen2_7B_Q8,1.981633118220738,5.0
Qwen3_14B_Q5,7.718977723802839,2.5
MistralNemo_8B_Q8,8.555012771061488,5.0
Phi2_2B_Q8,2.945099285670689,1.0
Phi4_3B_Q4,3.1905744756971086,3.5
